<?xml version="1.0" encoding="UTF-8"?>
<metadata xml:lang="en"><Esri><CreaDate>20190813</CreaDate><CreaTime>09063600</CreaTime><ArcGISFormat>1.0</ArcGISFormat><SyncOnce>TRUE</SyncOnce><DataProperties><lineage><Process ToolSource="c:\program files\arcgis\pro\Resources\ArcToolbox\toolboxes\Data Management Tools.tbx\CopyMultiple" Date="20190813" Time="090636">CopyMultiple "C:\EsriTraining\CoordSystemsIntro\Assign_GCS\XYafrica_cities_no_proj.shp shapefile_point;C:\EsriTraining\CoordSystemsIntro\Assign_GCS\africa_cities.csv text_csv;C:\EsriTraining\CoordSystemsIntro\Assign_GCS\africa_cities.xml xml_file;C:\EsriTraining\CoordSystemsIntro\Assign_GCS\africa_cities.txt.xml xml_file;C:\EsriTraining\CoordSystemsIntro\Assign_GCS\XYafrica_cities_no_proj_xslt.xml xml_file;C:\EsriTraining\CoordSystemsIntro\Assign_GCS\XYafrica_cities_no_proj_xslt1.xml xml_file" Y:\Web_Esri\CoordSystemsIntro_Pro2.4\Data_Testing\EsriTraining\CoordSystemsIntro XYafrica_cities_no_proj;africa_cities;africa_cities;africa_cities;XYafrica_cities_no_proj_xslt;XYafrica_cities_no_proj_xslt1 "XYafrica_cities_no_proj FeatureClass XYafrica_cities_no_proj.shp #;africa_cities.csv TableDataset africa_cities.csv #"</Process></lineage></DataProperties></Esri></metadata>
