<metadata xml:lang="en"><Esri><CreaDate>20190517</CreaDate><CreaTime>08080200</CreaTime><ArcGISFormat>1.0</ArcGISFormat><ArcGISstyle>ISO 19139 Metadata Implementation Specification</ArcGISstyle><SyncOnce>FALSE</SyncOnce><DataProperties><itemProps><itemName Sync="TRUE">africa_cities.csv</itemName><imsContentType Sync="TRUE">005</imsContentType></itemProps></DataProperties><SyncDate>20190517</SyncDate><SyncTime>09035800</SyncTime><ModDate>20190517</ModDate><ModTime>09035800</ModTime><ArcGISProfile>ISO19139</ArcGISProfile><scaleRange><minScale>150000000</minScale><maxScale>5000</maxScale></scaleRange></Esri><mdLang><languageCode value="eng"/><countryCode value="USA" Sync="TRUE"/></mdLang><mdChar><CharSetCd value="004"/></mdChar><mdHrLv><ScopeCd value="005"/></mdHrLv><mdStanName>ArcGIS Metadata</mdStanName><mdStanVer>1.0</mdStanVer><distInfo><distributor><distorCont><rpOrgName>Environmental Systems Research Institute, Inc. (Esri)</rpOrgName><rpCntInfo><cntPhone><voiceNum>800-447-9778</voiceNum></cntPhone><cntAddress><delPoint>380 New York Street</delPoint><city>Redlands</city><adminArea>California</adminArea><postCode>92373-8100</postCode><country>USA</country></cntAddress><cntInstr>In the United States, contact the Esri Telesales staff at 800-447-9778 for more information about our software and data. Outside the United States, please direct all inquiries to your local Esri International Distributor. This information can be found at http://gis.esri.com/intldist/contactint.cfm.</cntInstr></rpCntInfo><role><RoleCd value="005"/></role></distorCont></distributor><distFormat><formatVer>unknown</formatVer><formatName Sync="TRUE">Text File</formatName></distFormat></distInfo><dataIdInfo><idCitation><date><createDate>20100928</createDate></date><citRespParty><rpCntInfo><cntAddress><city>Redlands</city><adminArea>California</adminArea><country>USA</country></cntAddress><cntOnlineRes><linkage>http://www.esri.com</linkage></cntOnlineRes></rpCntInfo><role><RoleCd value="007"/></role></citRespParty><presForm><PresFormCd value="001" Sync="TRUE"/></presForm><datasetSeries><seriesName>Esri Training Services course</seriesName><issId>2010</issId></datasetSeries><otherCitDet>Esri Training Services 2010</otherCitDet><resTitle Sync="TRUE">africa_cities.csv</resTitle></idCitation><idAbs>&lt;DIV STYLE="text-align:Left;"&gt;&lt;DIV&gt;&lt;P&gt;&lt;SPAN&gt;point file showing some cities in Africa&lt;/SPAN&gt;&lt;/P&gt;&lt;/DIV&gt;&lt;/DIV&gt;</idAbs><idPurp>point file showing some cities in Africa</idPurp><idPoC><rpOrgName>Environmental Systems Research Institute, Inc. (Esri)</rpOrgName><rpPosName>Esri Training Services</rpPosName><rpCntInfo><cntPhone><voiceNum>909-793-2853</voiceNum><faxNum>909-793-5953</faxNum></cntPhone><cntAddress><delPoint>380 New York Street</delPoint><city>Redlands</city><adminArea>California</adminArea><postCode>92373-8100</postCode><country>USA</country><eMailAdd>info@esri.com</eMailAdd></cntAddress><cntHours>8:00 a.m.–5:30 p.m. Pacific time, Monday–Friday</cntHours><cntInstr>In the United States - Please direct all inquiries regarding software/data pricing and consulting services to your local Esri Regional Office. For support, you may contact Technical Support by telephone (voice) between 6:00 a.m. and 6:00 p.m. Pacific time, Monday through Friday, by dialing 909-793-3774; facsimile (fax) available at 909-792-0960; electronic mail (e-mail) support@esri.com; or visit http://support.esri.com; Esri holidays excluded. Outside the United States - Please direct all inquiries regarding software/data pricing, sales, support, and consulting services to your local Esri International Distributor. This information can be found at http://gis.esri.com/intldist/contactint.cfm. For other questions or comments, you may contact Esri headquarters by e-mail, telephone, or fax or write to us.</cntInstr></rpCntInfo><role><RoleCd value="007"/></role></idPoC><resMaint><maintFreq><MaintFreqCd value="011"/></maintFreq></resMaint><resConst><Consts><useLimit>&lt;DIV STYLE="text-align:Left;"&gt;&lt;DIV&gt;&lt;P&gt;&lt;SPAN&gt;None, this data is covered by the Esri Master License.&lt;/SPAN&gt;&lt;/P&gt;&lt;P&gt;&lt;SPAN&gt;Use of this Data is restricted to training, demonstration, and educational purposes only. This Data cannot be sold or used for marketing without the express written consent of Environmental Systems Research Institute Inc.THE DATA AND RELATED MATERIALS MAY CONTAIN SOME NONCONFORMITIES, DEFECTS, OR ERRORS. ESRI DOES NOT WARRANT THAT THE DATA WILL MEET USER'S NEEDS OR EXPECTATIONS; THAT THE USE OF THE DATA WILL BE UNINTERRUPTED; OR THAT ALL NONCONFORMITIES, DEFECTS, OR ERRORS CAN OR WILL BE CORRECTED. ESRI IS NOT INVITING RELIANCE ON THIS DATA, AND THE USER SHOULD ALWAYS VERIFY ACTUAL DATA.THE DATA AND RELATED MATERIALS ARE PROVIDED "AS-IS" WITHOUT WARRANTY OF ANY KIND, EITHER EXPRESS OR IMPLIED, INCLUDING, BUT NOT LIMITED TO, THE IMPLIED WARRANTIES OF MERCHANTABILITY AND FITNESS FOR A PARTICULAR PURPOSE.IN NO EVENT SHALL ESRI AND/OR ITS LICENSOR(S) BE LIABLE FOR COSTS OF PROCUREMENT OF SUBSTITUTE GOODS OR SERVICES; LOST PROFITS, LOST SALES, OR BUSINESS EXPENDITURES, INVESTMENTS, OR COMMITMENTS IN CONNECTION WITH ANY BUSINESS; LOSS OF ANY GOODWILL; OR FOR ANY INDIRECT, SPECIAL, INCIDENTAL, EXEMPLARY, OR CONSEQUENTIAL DAMAGES ARISING OUT OF THIS AGREEMENT OR USE OF THE DATA AND RELATED MATERIALS, HOWEVER CAUSED, ON ANY THEORY OF LIABILITY, AND WHETHER OR NOT ESRI OR ITS LICENSOR(S) HAVE BEEN ADVISED OF THE POSSIBILITY OF SUCH DAMAGE. THESE LIMITATIONS SHALL APPLY NOTWITHSTANDING ANY FAILURE OF ESSENTIAL PURPOSE OF ANY EXCLUSIVE REMEDY.In the event that the data vendor(s) has (have) granted the end user permission to redistribute the Geodata, please use proper proprietary or copyright attribution for the various data vendor(s), and provide the associated metadata file(s) with the Geodata.&lt;/SPAN&gt;&lt;/P&gt;&lt;/DIV&gt;&lt;/DIV&gt;</useLimit></Consts></resConst><spatRpType><SpatRepTypCd value="001"/></spatRpType><dataLang><languageCode value="eng" country="USA"/><countryCode value="USA" Sync="TRUE"/></dataLang><dataExt><geoEle><GeoBndBox><extentTypeCode>true</extentTypeCode><westBL>-127.302077</westBL><eastBL>-110.32778</eastBL><southBL>27.927274</southBL><northBL>43.692716</northBL></GeoBndBox></geoEle></dataExt><descKeys><thesaName uuidref="723f6998-058e-11dc-8314-0800200c9a66"/></descKeys><idCredit>Esri data and maps</idCredit><searchKeys><keyword>cities</keyword><keyword>africa</keyword><keyword>CoordWorking</keyword></searchKeys><envirDesc Sync="TRUE"> Version 6.2 (Build 9200) ; Esri ArcGIS 10.7.0.10450</envirDesc></dataIdInfo><mdMaint><maintFreq><MaintFreqCd value="011"/></maintFreq></mdMaint><mdConst><Consts><useLimit>Use of this Data is restricted to training, demonstration, and educational purposes only. This Data cannot be sold or used for marketing without the express written consent of Environmental Systems Research Institute Inc. THE DATA AND RELATED MATERIALS MAY CONTAIN SOME NONCONFORMITIES, DEFECTS, OR ERRORS. ESRI DOES NOT WARRANT THAT THE DATA WILL MEET USER'S NEEDS OR EXPECTATIONS; THAT THE USE OF THE DATA WILL BE UNINTERRUPTED; OR THAT ALL NONCONFORMITIES, DEFECTS, OR ERRORS CAN OR WILL BE CORRECTED. ESRI IS NOT INVITING RELIANCE ON THIS DATA, AND THE USER SHOULD ALWAYS VERIFY ACTUAL DATA. THE DATA AND RELATED MATERIALS ARE PROVIDED "AS-IS," WITHOUT WARRANTY OF ANY KIND, EITHER EXPRESS OR IMPLIED, INCLUDING, BUT NOT LIMITED TO, THE IMPLIED WARRANTIES OF MERCHANTABILITY AND FITNESS FOR A PARTICULAR PURPOSE. IN NO EVENT SHALL ESRI AND/OR ITS LICENSOR(S) BE LIABLE FOR COSTS OF PROCUREMENT OF SUBSTITUTE GOODS OR SERVICES; LOST PROFITS, LOST SALES, OR BUSINESS EXPENDITURES, INVESTMENTS, OR COMMITMENTS IN CONNECTION WITH ANY BUSINESS; LOSS OF ANY GOODWILL; OR FOR ANY INDIRECT, SPECIAL, INCIDENTAL, EXEMPLARY, OR CONSEQUENTIAL DAMAGES ARISING OUT OF THIS AGREEMENT OR USE OF THE DATA AND RELATED MATERIALS, HOWEVER CAUSED, ON ANY THEORY OF LIABILITY, AND WHETHER OR NOT ESRI OR ITS LICENSOR(S) HAVE BEEN ADVISED OF THE POSSIBILITY OF SUCH DAMAGE. THESE LIMITATIONS SHALL APPLY NOTWITHSTANDING ANY FAILURE OF ESSENTIAL PURPOSE OF ANY EXCLUSIVE REMEDY. In the event that the data vendor(s) has (have) granted the end user permission to redistribute the Geodata, please use proper proprietary or copyright attribution for the various data vendor(s), and provide the associated metadata file(s) with the Geodata.</useLimit></Consts></mdConst><refSysInfo><RefSystem><refSysID><identCode>4269</identCode></refSysID></RefSystem></refSysInfo><eainfo><detailed Name="XYafrica_cities_no_proj"><enttyp><enttypl Sync="TRUE">XYafrica_cities_no_proj</enttypl><enttypt Sync="TRUE">Feature Class</enttypt><enttypc Sync="TRUE">5</enttypc></enttyp><attr><attrlabl Sync="TRUE">FID</attrlabl><attalias Sync="TRUE">FID</attalias><attrtype Sync="TRUE">OID</attrtype><attwidth Sync="TRUE">4</attwidth><atprecis Sync="TRUE">0</atprecis><attscale Sync="TRUE">0</attscale><attrdef Sync="TRUE">Internal feature number.</attrdef><attrdefs Sync="TRUE">ESRI</attrdefs><attrdomv><udom Sync="TRUE">Sequential unique whole numbers that are automatically generated.</udom></attrdomv></attr><attr><attrlabl Sync="TRUE">Shape</attrlabl><attalias Sync="TRUE">Shape</attalias><attrtype Sync="TRUE">Geometry</attrtype><attwidth Sync="TRUE">0</attwidth><atprecis Sync="TRUE">0</atprecis><attscale Sync="TRUE">0</attscale><attrdef Sync="TRUE">Feature geometry.</attrdef><attrdefs Sync="TRUE">ESRI</attrdefs><attrdomv><udom Sync="TRUE">Coordinates defining the features.</udom></attrdomv></attr><attr><attrlabl Sync="TRUE">City</attrlabl><attalias Sync="TRUE">City</attalias><attrtype Sync="TRUE">String</attrtype><attwidth Sync="TRUE">254</attwidth><atprecis Sync="TRUE">0</atprecis><attscale Sync="TRUE">0</attscale></attr><attr><attrlabl Sync="TRUE">y</attrlabl><attalias Sync="TRUE">y</attalias><attrtype Sync="TRUE">Double</attrtype><attwidth Sync="TRUE">19</attwidth><atprecis Sync="TRUE">0</atprecis><attscale Sync="TRUE">0</attscale></attr><attr><attrlabl Sync="TRUE">x</attrlabl><attalias Sync="TRUE">x</attalias><attrtype Sync="TRUE">Double</attrtype><attwidth Sync="TRUE">19</attwidth><atprecis Sync="TRUE">0</atprecis><attscale Sync="TRUE">0</attscale></attr><attr><attrlabl Sync="TRUE">Country</attrlabl><attalias Sync="TRUE">Country</attalias><attrtype Sync="TRUE">String</attrtype><attwidth Sync="TRUE">254</attwidth><atprecis Sync="TRUE">0</atprecis><attscale Sync="TRUE">0</attscale></attr></detailed></eainfo><mdHrLvName Sync="TRUE">non-geographic dataset</mdHrLvName><mdDateSt Sync="TRUE">20190517</mdDateSt></metadata>