<?xml version="1.0" encoding="UTF-8"?>
<metadata xml:lang="en"><Esri><CreaDate>20190813</CreaDate><CreaTime>09070300</CreaTime><ArcGISFormat>1.0</ArcGISFormat><SyncOnce>TRUE</SyncOnce><DataProperties><lineage><Process ToolSource="c:\program files\arcgis\pro\Resources\ArcToolbox\toolboxes\Data Management Tools.tbx\CopyMultiple" Date="20190813" Time="090703">CopyMultiple "Y:\Web_Esri\CoordSystemsIntro_Pro2.4\Data_Testing\EsriTraining\CoordSystemsIntro\XYafrica_cities_no_proj.shp shapefile_point;Y:\Web_Esri\CoordSystemsIntro_Pro2.4\Data_Testing\EsriTraining\CoordSystemsIntro\africa_cities.csv text_csv;Y:\Web_Esri\CoordSystemsIntro_Pro2.4\Data_Testing\EsriTraining\CoordSystemsIntro\africa_cities.xml xml_file;Y:\Web_Esri\CoordSystemsIntro_Pro2.4\Data_Testing\EsriTraining\CoordSystemsIntro\XYafrica_cities_no_proj_xslt.xml xml_file;Y:\Web_Esri\CoordSystemsIntro_Pro2.4\Data_Testing\EsriTraining\CoordSystemsIntro\XYafrica_cities_no_proj_xslt1.xml xml_file" Y:\Web_Esri\CoordSystemsIntro_Pro2.4\Data_Testing\EsriTraining\CoordSystemsIntro\AfricaCities XYafrica_cities_no_proj;africa_cities;africa_cities;XYafrica_cities_no_proj_xslt;XYafrica_cities_no_proj_xslt1 "XYafrica_cities_no_proj FeatureClass XYafrica_cities_no_proj.shp #;africa_cities.csv TableDataset africa_cities.csv #"</Process></lineage></DataProperties></Esri></metadata>
