<metadata xml:lang="en"><Esri><CreaDate>20170908</CreaDate><CreaTime>15562600</CreaTime><ArcGISFormat>1.0</ArcGISFormat><SyncOnce>FALSE</SyncOnce><DataProperties><itemProps><itemName Sync="TRUE">GU_Reserve</itemName><imsContentType Sync="TRUE">002</imsContentType><itemLocation><linkage Sync="TRUE">file://\\KCAPPELLI\C$\Users\kath8531\Documents\ArcGIS\Projects\Basemap Design\GU_Reserve.shp</linkage><protocol Sync="TRUE">Local Area Network</protocol></itemLocation><nativeExtBox><westBL Sync="TRUE">-93.487030</westBL><eastBL Sync="TRUE">-93.178813</eastBL><southBL Sync="TRUE">45.548951</southBL><northBL Sync="TRUE">45.724683</northBL><exTypeCode Sync="TRUE">1</exTypeCode></nativeExtBox><itemSize Sync="TRUE">0.000</itemSize></itemProps><coordRef><type Sync="TRUE">Geographic</type><geogcsn Sync="TRUE">GCS_North_American_1983</geogcsn><csUnits Sync="TRUE">Angular Unit: Degree (0.017453)</csUnits><peXml Sync="TRUE">&lt;GeographicCoordinateSystem xsi:type='typens:GeographicCoordinateSystem' xmlns:xsi='http://www.w3.org/2001/XMLSchema-instance' xmlns:xs='http://www.w3.org/2001/XMLSchema' xmlns:typens='http://www.esri.com/schemas/ArcGIS/2.0.0'&gt;&lt;WKT&gt;GEOGCS[&amp;quot;GCS_North_American_1983&amp;quot;,DATUM[&amp;quot;D_North_American_1983&amp;quot;,SPHEROID[&amp;quot;GRS_1980&amp;quot;,6378137.0,298.257222101]],PRIMEM[&amp;quot;Greenwich&amp;quot;,0.0],UNIT[&amp;quot;Degree&amp;quot;,0.0174532925199433],AUTHORITY[&amp;quot;EPSG&amp;quot;,4269]]&lt;/WKT&gt;&lt;XOrigin&gt;-400&lt;/XOrigin&gt;&lt;YOrigin&gt;-400&lt;/YOrigin&gt;&lt;XYScale&gt;11258999068426.238&lt;/XYScale&gt;&lt;ZOrigin&gt;-100000&lt;/ZOrigin&gt;&lt;ZScale&gt;10000&lt;/ZScale&gt;&lt;MOrigin&gt;-100000&lt;/MOrigin&gt;&lt;MScale&gt;10000&lt;/MScale&gt;&lt;XYTolerance&gt;8.9831528411952133e-09&lt;/XYTolerance&gt;&lt;ZTolerance&gt;0.001&lt;/ZTolerance&gt;&lt;MTolerance&gt;0.001&lt;/MTolerance&gt;&lt;HighPrecision&gt;true&lt;/HighPrecision&gt;&lt;LeftLongitude&gt;-180&lt;/LeftLongitude&gt;&lt;WKID&gt;4269&lt;/WKID&gt;&lt;LatestWKID&gt;4269&lt;/LatestWKID&gt;&lt;/GeographicCoordinateSystem&gt;</peXml></coordRef></DataProperties><SyncDate>20171024</SyncDate><SyncTime>16380800</SyncTime><ModDate>20171024</ModDate><ModTime>16380800</ModTime></Esri><dataIdInfo><envirDesc Sync="TRUE">Microsoft Windows 8 Version 6.2 (Build 9200) ; Esri ArcGIS 12.0.1.8933</envirDesc><dataLang><languageCode value="eng" Sync="TRUE"></languageCode><countryCode value="USA" Sync="TRUE"></countryCode></dataLang><idCitation><resTitle Sync="TRUE">GU_Reserve</resTitle><presForm><PresFormCd value="005" Sync="TRUE"></PresFormCd></presForm></idCitation><spatRpType><SpatRepTypCd value="001" Sync="TRUE"></SpatRepTypCd></spatRpType><dataExt><geoEle><GeoBndBox esriExtentType="search"><exTypeCode Sync="TRUE">1</exTypeCode><westBL Sync="TRUE">-93.487030</westBL><eastBL Sync="TRUE">-93.178813</eastBL><northBL Sync="TRUE">45.724683</northBL><southBL Sync="TRUE">45.548951</southBL></GeoBndBox></geoEle></dataExt></dataIdInfo><mdLang><languageCode value="eng" Sync="TRUE"></languageCode><countryCode value="USA" Sync="TRUE"></countryCode></mdLang><distInfo><distFormat><formatName Sync="TRUE">Shapefile</formatName></distFormat><distTranOps><transSize Sync="TRUE">0.000</transSize></distTranOps></distInfo><mdHrLv><ScopeCd value="005" Sync="TRUE"></ScopeCd></mdHrLv><mdHrLvName Sync="TRUE">dataset</mdHrLvName><refSysInfo><RefSystem><refSysID><identCode code="4269" Sync="TRUE"></identCode><idCodeSpace Sync="TRUE">EPSG</idCodeSpace><idVersion Sync="TRUE">6.12(3.0.1)</idVersion></refSysID></RefSystem></refSysInfo><spatRepInfo><VectSpatRep><geometObjs Name="GU_Reserve"><geoObjTyp><GeoObjTypCd value="002" Sync="TRUE"></GeoObjTypCd></geoObjTyp><geoObjCnt Sync="TRUE">0</geoObjCnt></geometObjs><topLvl><TopoLevCd value="001" Sync="TRUE"></TopoLevCd></topLvl></VectSpatRep></spatRepInfo><spdoinfo><ptvctinf><esriterm Name="GU_Reserve"><efeatyp Sync="TRUE">Simple</efeatyp><efeageom code="4" Sync="TRUE"></efeageom><esritopo Sync="TRUE">FALSE</esritopo><efeacnt Sync="TRUE">0</efeacnt><spindex Sync="TRUE">FALSE</spindex><linrefer Sync="TRUE">FALSE</linrefer></esriterm></ptvctinf></spdoinfo><eainfo><detailed Name="GU_Reserve"><enttyp><enttypl Sync="TRUE">GU_Reserve</enttypl><enttypt Sync="TRUE">Feature Class</enttypt><enttypc Sync="TRUE">0</enttypc></enttyp><attr><attrlabl Sync="TRUE">Shape</attrlabl><attalias Sync="TRUE">Shape</attalias><attrtype Sync="TRUE">Geometry</attrtype><attwidth Sync="TRUE">0</attwidth><atprecis Sync="TRUE">0</atprecis><attscale Sync="TRUE">0</attscale><attrdef Sync="TRUE">Feature geometry.</attrdef><attrdefs Sync="TRUE">Esri</attrdefs><attrdomv><udom Sync="TRUE">Coordinates defining the features.</udom></attrdomv></attr><attr><attrlabl Sync="TRUE">LoadDate</attrlabl><attalias Sync="TRUE">LoadDate</attalias><attrtype Sync="TRUE">Date</attrtype><attwidth Sync="TRUE">8</attwidth><atprecis Sync="TRUE">0</atprecis><attscale Sync="TRUE">0</attscale></attr><attr><attrlabl Sync="TRUE">GNIS_ID</attrlabl><attalias Sync="TRUE">GNIS_ID</attalias><attrtype Sync="TRUE">String</attrtype><attwidth Sync="TRUE">10</attwidth><atprecis Sync="TRUE">0</atprecis><attscale Sync="TRUE">0</attscale></attr><attr><attrlabl Sync="TRUE">Name</attrlabl><attalias Sync="TRUE">Name</attalias><attrtype Sync="TRUE">String</attrtype><attwidth Sync="TRUE">100</attwidth><atprecis Sync="TRUE">0</atprecis><attscale Sync="TRUE">0</attscale></attr><attr><attrlabl Sync="TRUE">AreaSqKM</attrlabl><attalias Sync="TRUE">AreaSqKM</attalias><attrtype Sync="TRUE">Double</attrtype><attwidth Sync="TRUE">19</attwidth><atprecis Sync="TRUE">0</atprecis><attscale Sync="TRUE">0</attscale></attr><attr><attrlabl Sync="TRUE">FType</attrlabl><attalias Sync="TRUE">FType</attalias><attrtype Sync="TRUE">Integer</attrtype><attwidth Sync="TRUE">10</attwidth><atprecis Sync="TRUE">10</atprecis><attscale Sync="TRUE">0</attscale></attr><attr><attrlabl Sync="TRUE">FCode</attrlabl><attalias Sync="TRUE">FCode</attalias><attrtype Sync="TRUE">Integer</attrtype><attwidth Sync="TRUE">10</attwidth><atprecis Sync="TRUE">10</atprecis><attscale Sync="TRUE">0</attscale></attr><attr><attrlabl Sync="TRUE">AdminType</attrlabl><attalias Sync="TRUE">AdminType</attalias><attrtype Sync="TRUE">Integer</attrtype><attwidth Sync="TRUE">10</attwidth><atprecis Sync="TRUE">10</atprecis><attscale Sync="TRUE">0</attscale></attr><attr><attrlabl Sync="TRUE">FID</attrlabl><attalias Sync="TRUE">FID</attalias><attrtype Sync="TRUE">OID</attrtype><attwidth Sync="TRUE">4</attwidth><atprecis Sync="TRUE">0</atprecis><attscale Sync="TRUE">0</attscale><attrdef Sync="TRUE">Internal feature number.</attrdef><attrdefs Sync="TRUE">Esri</attrdefs><attrdomv><udom Sync="TRUE">Sequential unique whole numbers that are automatically generated.</udom></attrdomv></attr><attr><attrlabl Sync="TRUE">Shape_Area</attrlabl><attalias Sync="TRUE">Shape_Area</attalias><attrtype Sync="TRUE">Double</attrtype><attwidth Sync="TRUE">19</attwidth><atprecis Sync="TRUE">0</atprecis><attscale Sync="TRUE">0</attscale><attrdef Sync="TRUE">Area of feature in internal units squared.</attrdef><attrdefs Sync="TRUE">Esri</attrdefs><attrdomv><udom Sync="TRUE">Positive real numbers that are automatically generated.</udom></attrdomv></attr><attr><attrlabl Sync="TRUE">Permanent_</attrlabl><attalias Sync="TRUE">Permanent_</attalias><attrtype Sync="TRUE">String</attrtype><attwidth Sync="TRUE">40</attwidth><atprecis Sync="TRUE">0</atprecis><attscale Sync="TRUE">0</attscale></attr><attr><attrlabl Sync="TRUE">Source_Fea</attrlabl><attalias Sync="TRUE">Source_Fea</attalias><attrtype Sync="TRUE">String</attrtype><attwidth Sync="TRUE">40</attwidth><atprecis Sync="TRUE">0</atprecis><attscale Sync="TRUE">0</attscale></attr><attr><attrlabl Sync="TRUE">Source_Dat</attrlabl><attalias Sync="TRUE">Source_Dat</attalias><attrtype Sync="TRUE">String</attrtype><attwidth Sync="TRUE">40</attwidth><atprecis Sync="TRUE">0</atprecis><attscale Sync="TRUE">0</attscale></attr><attr><attrlabl Sync="TRUE">Source_D_1</attrlabl><attalias Sync="TRUE">Source_D_1</attalias><attrtype Sync="TRUE">String</attrtype><attwidth Sync="TRUE">100</attwidth><atprecis Sync="TRUE">0</atprecis><attscale Sync="TRUE">0</attscale></attr><attr><attrlabl Sync="TRUE">Source_Ori</attrlabl><attalias Sync="TRUE">Source_Ori</attalias><attrtype Sync="TRUE">String</attrtype><attwidth Sync="TRUE">130</attwidth><atprecis Sync="TRUE">0</atprecis><attscale Sync="TRUE">0</attscale></attr><attr><attrlabl Sync="TRUE">Data_Secur</attrlabl><attalias Sync="TRUE">Data_Secur</attalias><attrtype Sync="TRUE">Integer</attrtype><attwidth Sync="TRUE">5</attwidth><atprecis Sync="TRUE">5</atprecis><attscale Sync="TRUE">0</attscale></attr><attr><attrlabl Sync="TRUE">Distributi</attrlabl><attalias Sync="TRUE">Distributi</attalias><attrtype Sync="TRUE">String</attrtype><attwidth Sync="TRUE">4</attwidth><atprecis Sync="TRUE">0</atprecis><attscale Sync="TRUE">0</attscale></attr><subtype><stname Sync="TRUE">Grassland</stname><stcode Sync="TRUE">672</stcode><stfield><stfldnm Sync="TRUE">Data_Security</stfldnm><stflddv Sync="TRUE">0</stflddv><stflddd><domname Sync="TRUE">Sec_Classification Domain</domname><domdesc Sync="TRUE">Security Classification of data</domdesc><domtype Sync="TRUE">Coded Value</domtype><mrgtype Sync="TRUE">Default value</mrgtype><splttype Sync="TRUE">Default value</splttype><domowner Sync="TRUE"></domowner><domfldtp Sync="TRUE">SmallInteger</domfldtp></stflddd></stfield><stfield><stfldnm Sync="TRUE">Distribution_Policy</stfldnm><stflddv Sync="TRUE">E4</stflddv><stflddd><domname Sync="TRUE">Distribution_Policy Domain</domname><domdesc Sync="TRUE">Access and Use constraints of data</domdesc><domtype Sync="TRUE">Coded Value</domtype><mrgtype Sync="TRUE">Default value</mrgtype><splttype Sync="TRUE">Default value</splttype><domowner Sync="TRUE"></domowner><domfldtp Sync="TRUE">String</domfldtp></stflddd></stfield><stfield><stfldnm Sync="TRUE">FType</stfldnm><stflddv Sync="TRUE">672</stflddv></stfield><stfield><stfldnm Sync="TRUE">FCode</stfldnm><stflddv Sync="TRUE">67200</stflddv></stfield><stfield><stfldnm Sync="TRUE">AdminType</stfldnm><stflddd><domname Sync="TRUE">OwnerClass Domain</domname><domdesc Sync="TRUE"></domdesc><domtype Sync="TRUE">Coded Value</domtype><mrgtype Sync="TRUE">Default value</mrgtype><splttype Sync="TRUE">Default value</splttype><domowner Sync="TRUE"></domowner><domfldtp Sync="TRUE">Integer</domfldtp></stflddd></stfield><stfield><stfldnm Sync="TRUE">OwnerOrManagingAgency</stfldnm><stflddd><domname Sync="TRUE">OwnerOrManagingAgency Domain</domname><domdesc Sync="TRUE"></domdesc><domtype Sync="TRUE">Coded Value</domtype><mrgtype Sync="TRUE">Default value</mrgtype><splttype Sync="TRUE">Default value</splttype><domowner Sync="TRUE"></domowner><domfldtp Sync="TRUE">Integer</domfldtp></stflddd></stfield></subtype><subtype><stname Sync="TRUE">Wilderness</stname><stcode Sync="TRUE">675</stcode><stfield><stfldnm Sync="TRUE">Data_Security</stfldnm><stflddv Sync="TRUE">0</stflddv><stflddd><domname Sync="TRUE">Sec_Classification Domain</domname><domdesc Sync="TRUE">Security Classification of data</domdesc><domtype Sync="TRUE">Coded Value</domtype><mrgtype Sync="TRUE">Default value</mrgtype><splttype Sync="TRUE">Default value</splttype><domowner Sync="TRUE"></domowner><domfldtp Sync="TRUE">SmallInteger</domfldtp></stflddd></stfield><stfield><stfldnm Sync="TRUE">Distribution_Policy</stfldnm><stflddv Sync="TRUE">E4</stflddv><stflddd><domname Sync="TRUE">Distribution_Policy Domain</domname><domdesc Sync="TRUE">Access and Use constraints of data</domdesc><domtype Sync="TRUE">Coded Value</domtype><mrgtype Sync="TRUE">Default value</mrgtype><splttype Sync="TRUE">Default value</splttype><domowner Sync="TRUE"></domowner><domfldtp Sync="TRUE">String</domfldtp></stflddd></stfield><stfield><stfldnm Sync="TRUE">FType</stfldnm><stflddv Sync="TRUE">675</stflddv></stfield><stfield><stfldnm Sync="TRUE">FCode</stfldnm><stflddv Sync="TRUE">67500</stflddv><stflddd><domname Sync="TRUE">Wilderness FCode</domname><domdesc Sync="TRUE"></domdesc><domtype Sync="TRUE">Coded Value</domtype><mrgtype Sync="TRUE">Default value</mrgtype><splttype Sync="TRUE">Default value</splttype><domowner Sync="TRUE"></domowner><domfldtp Sync="TRUE">Integer</domfldtp></stflddd></stfield><stfield><stfldnm Sync="TRUE">AdminType</stfldnm><stflddd><domname Sync="TRUE">OwnerClass Domain</domname><domdesc Sync="TRUE"></domdesc><domtype Sync="TRUE">Coded Value</domtype><mrgtype Sync="TRUE">Default value</mrgtype><splttype Sync="TRUE">Default value</splttype><domowner Sync="TRUE"></domowner><domfldtp Sync="TRUE">Integer</domfldtp></stflddd></stfield><stfield><stfldnm Sync="TRUE">OwnerOrManagingAgency</stfldnm><stflddd><domname Sync="TRUE">OwnerOrManagingAgency Domain</domname><domdesc Sync="TRUE"></domdesc><domtype Sync="TRUE">Coded Value</domtype><mrgtype Sync="TRUE">Default value</mrgtype><splttype Sync="TRUE">Default value</splttype><domowner Sync="TRUE"></domowner><domfldtp Sync="TRUE">Integer</domfldtp></stflddd></stfield></subtype><subtype><stname Sync="TRUE">Military</stname><stcode Sync="TRUE">673</stcode><stfield><stfldnm Sync="TRUE">Data_Security</stfldnm><stflddv Sync="TRUE">0</stflddv><stflddd><domname Sync="TRUE">Sec_Classification Domain</domname><domdesc Sync="TRUE">Security Classification of data</domdesc><domtype Sync="TRUE">Coded Value</domtype><mrgtype Sync="TRUE">Default value</mrgtype><splttype Sync="TRUE">Default value</splttype><domowner Sync="TRUE"></domowner><domfldtp Sync="TRUE">SmallInteger</domfldtp></stflddd></stfield><stfield><stfldnm Sync="TRUE">Distribution_Policy</stfldnm><stflddv Sync="TRUE">E4</stflddv><stflddd><domname Sync="TRUE">Distribution_Policy Domain</domname><domdesc Sync="TRUE">Access and Use constraints of data</domdesc><domtype Sync="TRUE">Coded Value</domtype><mrgtype Sync="TRUE">Default value</mrgtype><splttype Sync="TRUE">Default value</splttype><domowner Sync="TRUE"></domowner><domfldtp Sync="TRUE">String</domfldtp></stflddd></stfield><stfield><stfldnm Sync="TRUE">FType</stfldnm><stflddv Sync="TRUE">673</stflddv></stfield><stfield><stfldnm Sync="TRUE">FCode</stfldnm><stflddv Sync="TRUE">67300</stflddv><stflddd><domname Sync="TRUE">Military FCode</domname><domdesc Sync="TRUE"></domdesc><domtype Sync="TRUE">Coded Value</domtype><mrgtype Sync="TRUE">Default value</mrgtype><splttype Sync="TRUE">Duplicate</splttype><domowner Sync="TRUE"></domowner><domfldtp Sync="TRUE">Integer</domfldtp></stflddd></stfield><stfield><stfldnm Sync="TRUE">AdminType</stfldnm><stflddd><domname Sync="TRUE">OwnerClass Domain</domname><domdesc Sync="TRUE"></domdesc><domtype Sync="TRUE">Coded Value</domtype><mrgtype Sync="TRUE">Default value</mrgtype><splttype Sync="TRUE">Default value</splttype><domowner Sync="TRUE"></domowner><domfldtp Sync="TRUE">Integer</domfldtp></stflddd></stfield><stfield><stfldnm Sync="TRUE">OwnerOrManagingAgency</stfldnm><stflddd><domname Sync="TRUE">OwnerOrManagingAgency Domain</domname><domdesc Sync="TRUE"></domdesc><domtype Sync="TRUE">Coded Value</domtype><mrgtype Sync="TRUE">Default value</mrgtype><splttype Sync="TRUE">Default value</splttype><domowner Sync="TRUE"></domowner><domfldtp Sync="TRUE">Integer</domfldtp></stflddd></stfield></subtype><subtype><stname Sync="TRUE">Wildlife</stname><stcode Sync="TRUE">676</stcode><stfield><stfldnm Sync="TRUE">Data_Security</stfldnm><stflddv Sync="TRUE">0</stflddv><stflddd><domname Sync="TRUE">Sec_Classification Domain</domname><domdesc Sync="TRUE">Security Classification of data</domdesc><domtype Sync="TRUE">Coded Value</domtype><mrgtype Sync="TRUE">Default value</mrgtype><splttype Sync="TRUE">Default value</splttype><domowner Sync="TRUE"></domowner><domfldtp Sync="TRUE">SmallInteger</domfldtp></stflddd></stfield><stfield><stfldnm Sync="TRUE">Distribution_Policy</stfldnm><stflddv Sync="TRUE">E4</stflddv><stflddd><domname Sync="TRUE">Distribution_Policy Domain</domname><domdesc Sync="TRUE">Access and Use constraints of data</domdesc><domtype Sync="TRUE">Coded Value</domtype><mrgtype Sync="TRUE">Default value</mrgtype><splttype Sync="TRUE">Default value</splttype><domowner Sync="TRUE"></domowner><domfldtp Sync="TRUE">String</domfldtp></stflddd></stfield><stfield><stfldnm Sync="TRUE">FType</stfldnm><stflddv Sync="TRUE">676</stflddv></stfield><stfield><stfldnm Sync="TRUE">FCode</stfldnm><stflddv Sync="TRUE">67600</stflddv><stflddd><domname Sync="TRUE">Wildlife FCode</domname><domdesc Sync="TRUE"></domdesc><domtype Sync="TRUE">Coded Value</domtype><mrgtype Sync="TRUE">Default value</mrgtype><splttype Sync="TRUE">Default value</splttype><domowner Sync="TRUE"></domowner><domfldtp Sync="TRUE">Integer</domfldtp></stflddd></stfield><stfield><stfldnm Sync="TRUE">AdminType</stfldnm><stflddd><domname Sync="TRUE">OwnerClass Domain</domname><domdesc Sync="TRUE"></domdesc><domtype Sync="TRUE">Coded Value</domtype><mrgtype Sync="TRUE">Default value</mrgtype><splttype Sync="TRUE">Default value</splttype><domowner Sync="TRUE"></domowner><domfldtp Sync="TRUE">Integer</domfldtp></stflddd></stfield><stfield><stfldnm Sync="TRUE">OwnerOrManagingAgency</stfldnm><stflddd><domname Sync="TRUE">OwnerOrManagingAgency Domain</domname><domdesc Sync="TRUE"></domdesc><domtype Sync="TRUE">Coded Value</domtype><mrgtype Sync="TRUE">Default value</mrgtype><splttype Sync="TRUE">Default value</splttype><domowner Sync="TRUE"></domowner><domfldtp Sync="TRUE">Integer</domfldtp></stflddd></stfield></subtype><subtype><stname Sync="TRUE">Park</stname><stcode Sync="TRUE">674</stcode><stfield><stfldnm Sync="TRUE">Data_Security</stfldnm><stflddv Sync="TRUE">0</stflddv><stflddd><domname Sync="TRUE">Sec_Classification Domain</domname><domdesc Sync="TRUE">Security Classification of data</domdesc><domtype Sync="TRUE">Coded Value</domtype><mrgtype Sync="TRUE">Default value</mrgtype><splttype Sync="TRUE">Default value</splttype><domowner Sync="TRUE"></domowner><domfldtp Sync="TRUE">SmallInteger</domfldtp></stflddd></stfield><stfield><stfldnm Sync="TRUE">Distribution_Policy</stfldnm><stflddv Sync="TRUE">E4</stflddv><stflddd><domname Sync="TRUE">Distribution_Policy Domain</domname><domdesc Sync="TRUE">Access and Use constraints of data</domdesc><domtype Sync="TRUE">Coded Value</domtype><mrgtype Sync="TRUE">Default value</mrgtype><splttype Sync="TRUE">Default value</splttype><domowner Sync="TRUE"></domowner><domfldtp Sync="TRUE">String</domfldtp></stflddd></stfield><stfield><stfldnm Sync="TRUE">FType</stfldnm><stflddv Sync="TRUE">674</stflddv></stfield><stfield><stfldnm Sync="TRUE">FCode</stfldnm><stflddv Sync="TRUE">67400</stflddv><stflddd><domname Sync="TRUE">Park FCode</domname><domdesc Sync="TRUE"></domdesc><domtype Sync="TRUE">Coded Value</domtype><mrgtype Sync="TRUE">Default value</mrgtype><splttype Sync="TRUE">Default value</splttype><domowner Sync="TRUE"></domowner><domfldtp Sync="TRUE">Integer</domfldtp></stflddd></stfield><stfield><stfldnm Sync="TRUE">AdminType</stfldnm><stflddd><domname Sync="TRUE">OwnerClass Domain</domname><domdesc Sync="TRUE"></domdesc><domtype Sync="TRUE">Coded Value</domtype><mrgtype Sync="TRUE">Default value</mrgtype><splttype Sync="TRUE">Default value</splttype><domowner Sync="TRUE"></domowner><domfldtp Sync="TRUE">Integer</domfldtp></stflddd></stfield><stfield><stfldnm Sync="TRUE">OwnerOrManagingAgency</stfldnm><stflddd><domname Sync="TRUE">OwnerOrManagingAgency Domain</domname><domdesc Sync="TRUE"></domdesc><domtype Sync="TRUE">Coded Value</domtype><mrgtype Sync="TRUE">Default value</mrgtype><splttype Sync="TRUE">Default value</splttype><domowner Sync="TRUE"></domowner><domfldtp Sync="TRUE">Integer</domfldtp></stflddd></stfield></subtype><subtype><stname Sync="TRUE">Cemetery</stname><stcode Sync="TRUE">670</stcode><stfield><stfldnm Sync="TRUE">Data_Security</stfldnm><stflddv Sync="TRUE">0</stflddv><stflddd><domname Sync="TRUE">Sec_Classification Domain</domname><domdesc Sync="TRUE">Security Classification of data</domdesc><domtype Sync="TRUE">Coded Value</domtype><mrgtype Sync="TRUE">Default value</mrgtype><splttype Sync="TRUE">Default value</splttype><domowner Sync="TRUE"></domowner><domfldtp Sync="TRUE">SmallInteger</domfldtp></stflddd></stfield><stfield><stfldnm Sync="TRUE">Distribution_Policy</stfldnm><stflddv Sync="TRUE">E4</stflddv><stflddd><domname Sync="TRUE">Distribution_Policy Domain</domname><domdesc Sync="TRUE">Access and Use constraints of data</domdesc><domtype Sync="TRUE">Coded Value</domtype><mrgtype Sync="TRUE">Default value</mrgtype><splttype Sync="TRUE">Default value</splttype><domowner Sync="TRUE"></domowner><domfldtp Sync="TRUE">String</domfldtp></stflddd></stfield><stfield><stfldnm Sync="TRUE">FType</stfldnm><stflddv Sync="TRUE">670</stflddv></stfield><stfield><stfldnm Sync="TRUE">FCode</stfldnm><stflddv Sync="TRUE">67000</stflddv><stflddd><domname Sync="TRUE">Cemetery FCode</domname><domdesc Sync="TRUE"></domdesc><domtype Sync="TRUE">Coded Value</domtype><mrgtype Sync="TRUE">Default value</mrgtype><splttype Sync="TRUE">Default value</splttype><domowner Sync="TRUE"></domowner><domfldtp Sync="TRUE">Integer</domfldtp></stflddd></stfield><stfield><stfldnm Sync="TRUE">AdminType</stfldnm><stflddd><domname Sync="TRUE">OwnerClass Domain</domname><domdesc Sync="TRUE"></domdesc><domtype Sync="TRUE">Coded Value</domtype><mrgtype Sync="TRUE">Default value</mrgtype><splttype Sync="TRUE">Default value</splttype><domowner Sync="TRUE"></domowner><domfldtp Sync="TRUE">Integer</domfldtp></stflddd></stfield><stfield><stfldnm Sync="TRUE">OwnerOrManagingAgency</stfldnm><stflddd><domname Sync="TRUE">OwnerOrManagingAgency Domain</domname><domdesc Sync="TRUE"></domdesc><domtype Sync="TRUE">Coded Value</domtype><mrgtype Sync="TRUE">Default value</mrgtype><splttype Sync="TRUE">Default value</splttype><domowner Sync="TRUE"></domowner><domfldtp Sync="TRUE">Integer</domfldtp></stflddd></stfield></subtype><subtype><stname Sync="TRUE">Other Reserve Area</stname><stcode Sync="TRUE">677</stcode><stfield><stfldnm Sync="TRUE">Data_Security</stfldnm><stflddv Sync="TRUE">0</stflddv><stflddd><domname Sync="TRUE">Sec_Classification Domain</domname><domdesc Sync="TRUE">Security Classification of data</domdesc><domtype Sync="TRUE">Coded Value</domtype><mrgtype Sync="TRUE">Default value</mrgtype><splttype Sync="TRUE">Default value</splttype><domowner Sync="TRUE"></domowner><domfldtp Sync="TRUE">SmallInteger</domfldtp></stflddd></stfield><stfield><stfldnm Sync="TRUE">Distribution_Policy</stfldnm><stflddv Sync="TRUE">E4</stflddv><stflddd><domname Sync="TRUE">Distribution_Policy Domain</domname><domdesc Sync="TRUE">Access and Use constraints of data</domdesc><domtype Sync="TRUE">Coded Value</domtype><mrgtype Sync="TRUE">Default value</mrgtype><splttype Sync="TRUE">Default value</splttype><domowner Sync="TRUE"></domowner><domfldtp Sync="TRUE">String</domfldtp></stflddd></stfield><stfield><stfldnm Sync="TRUE">FType</stfldnm><stflddv Sync="TRUE">677</stflddv></stfield><stfield><stfldnm Sync="TRUE">FCode</stfldnm><stflddv Sync="TRUE">67700</stflddv><stflddd><domname Sync="TRUE">OtherReserveArea FCode</domname><domdesc Sync="TRUE"></domdesc><domtype Sync="TRUE">Coded Value</domtype><mrgtype Sync="TRUE">Default value</mrgtype><splttype Sync="TRUE">Default value</splttype><domowner Sync="TRUE"></domowner><domfldtp Sync="TRUE">Integer</domfldtp></stflddd></stfield><stfield><stfldnm Sync="TRUE">AdminType</stfldnm><stflddd><domname Sync="TRUE">OwnerClass Domain</domname><domdesc Sync="TRUE"></domdesc><domtype Sync="TRUE">Coded Value</domtype><mrgtype Sync="TRUE">Default value</mrgtype><splttype Sync="TRUE">Default value</splttype><domowner Sync="TRUE"></domowner><domfldtp Sync="TRUE">Integer</domfldtp></stflddd></stfield><stfield><stfldnm Sync="TRUE">OwnerOrManagingAgency</stfldnm><stflddd><domname Sync="TRUE">OwnerOrManagingAgency Domain</domname><domdesc Sync="TRUE"></domdesc><domtype Sync="TRUE">Coded Value</domtype><mrgtype Sync="TRUE">Default value</mrgtype><splttype Sync="TRUE">Default value</splttype><domowner Sync="TRUE"></domowner><domfldtp Sync="TRUE">Integer</domfldtp></stflddd></stfield></subtype><attr><attrlabl Sync="TRUE">OwnerOrMan</attrlabl><attalias Sync="TRUE">OwnerOrMan</attalias><attrtype Sync="TRUE">Integer</attrtype><attwidth Sync="TRUE">10</attwidth><atprecis Sync="TRUE">10</atprecis><attscale Sync="TRUE">0</attscale></attr><attr><attrlabl Sync="TRUE">Shape_Leng</attrlabl><attalias Sync="TRUE">Shape_Leng</attalias><attrtype Sync="TRUE">Double</attrtype><attwidth Sync="TRUE">19</attwidth><atprecis Sync="TRUE">0</atprecis><attscale Sync="TRUE">0</attscale></attr><subtype><stname Sync="TRUE">Forest</stname><stcode Sync="TRUE">671</stcode><stfield><stfldnm Sync="TRUE">Data_Security</stfldnm><stflddv Sync="TRUE">0</stflddv><stflddd><domname Sync="TRUE">Sec_Classification Domain</domname><domdesc Sync="TRUE">Security Classification of data</domdesc><domtype Sync="TRUE">Coded Value</domtype><mrgtype Sync="TRUE">Default value</mrgtype><splttype Sync="TRUE">Default value</splttype><domowner Sync="TRUE"></domowner><domfldtp Sync="TRUE">SmallInteger</domfldtp></stflddd></stfield><stfield><stfldnm Sync="TRUE">Distribution_Policy</stfldnm><stflddv Sync="TRUE">E4</stflddv><stflddd><domname Sync="TRUE">Distribution_Policy Domain</domname><domdesc Sync="TRUE">Access and Use constraints of data</domdesc><domtype Sync="TRUE">Coded Value</domtype><mrgtype Sync="TRUE">Default value</mrgtype><splttype Sync="TRUE">Default value</splttype><domowner Sync="TRUE"></domowner><domfldtp Sync="TRUE">String</domfldtp></stflddd></stfield><stfield><stfldnm Sync="TRUE">FType</stfldnm><stflddv Sync="TRUE">671</stflddv></stfield><stfield><stfldnm Sync="TRUE">FCode</stfldnm><stflddv Sync="TRUE">67100</stflddv><stflddd><domname Sync="TRUE">Forest FCode</domname><domdesc Sync="TRUE"></domdesc><domtype Sync="TRUE">Coded Value</domtype><mrgtype Sync="TRUE">Default value</mrgtype><splttype Sync="TRUE">Default value</splttype><domowner Sync="TRUE"></domowner><domfldtp Sync="TRUE">Integer</domfldtp></stflddd></stfield><stfield><stfldnm Sync="TRUE">AdminType</stfldnm><stflddd><domname Sync="TRUE">OwnerClass Domain</domname><domdesc Sync="TRUE"></domdesc><domtype Sync="TRUE">Coded Value</domtype><mrgtype Sync="TRUE">Default value</mrgtype><splttype Sync="TRUE">Default value</splttype><domowner Sync="TRUE"></domowner><domfldtp Sync="TRUE">Integer</domfldtp></stflddd></stfield><stfield><stfldnm Sync="TRUE">OwnerOrManagingAgency</stfldnm><stflddd><domname Sync="TRUE">OwnerOrManagingAgency Domain</domname><domdesc Sync="TRUE"></domdesc><domtype Sync="TRUE">Coded Value</domtype><mrgtype Sync="TRUE">Default value</mrgtype><splttype Sync="TRUE">Default value</splttype><domowner Sync="TRUE"></domowner><domfldtp Sync="TRUE">Integer</domfldtp></stflddd></stfield></subtype></detailed></eainfo><mdDateSt Sync="TRUE">20171024</mdDateSt></metadata>
