<metadata xml:lang="en"><Esri><CreaDate>20130822</CreaDate><CreaTime>12084600</CreaTime><ArcGISFormat>1.0</ArcGISFormat><ArcGISstyle>ISO 19139 Metadata Implementation Specification</ArcGISstyle><SyncOnce>FALSE</SyncOnce><ModDate>20130822</ModDate><ModTime>12450400</ModTime><scaleRange><minScale>150000000</minScale><maxScale>5000</maxScale></scaleRange><ArcGISProfile>ISO19139</ArcGISProfile><MapLyrSync>TRUE</MapLyrSync><DataProperties><itemProps><itemName Sync="TRUE">EmptyPoints.lyr</itemName><imsContentType Sync="TRUE">005</imsContentType></itemProps></DataProperties><SyncDate>20130822</SyncDate><SyncTime>12450400</SyncTime></Esri><dataIdInfo><resConst xmlns:esri="http://www.esri.com/metadata/"><Consts><useLimit>	Use of this Data is restricted to training, demonstration, and educational purposes only. This Data cannot be sold or used for marketing without the express written consent of Environmental Systems Research Institute Inc.
	THE DATA AND RELATED MATERIALS MAY CONTAIN SOME NONCONFORMITIES, DEFECTS, OR ERRORS. ESRI DOES NOT WARRANT THAT THE DATA WILL MEET USER'S NEEDS OR EXPECTATIONS; THAT THE USE OF THE DATA WILL BE UNINTERRUPTED; OR THAT ALL NONCONFORMITIES, DEFECTS, OR ERRORS CAN OR WILL BE CORRECTED. ESRI IS NOT INVITING RELIANCE ON THIS DATA, AND THE USER SHOULD ALWAYS VERIFY ACTUAL DATA.
	THE DATA AND RELATED MATERIALS ARE PROVIDED "AS-IS" WITHOUT WARRANTY OF ANY KIND, EITHER EXPRESS OR IMPLIED, INCLUDING, BUT NOT LIMITED TO, THE IMPLIED WARRANTIES OF MERCHANTABILITY AND FITNESS FOR A PARTICULAR PURPOSE.
	IN NO EVENT SHALL ESRI AND/OR ITS LICENSOR(S) BE LIABLE FOR COSTS OF PROCUREMENT OF SUBSTITUTE GOODS OR SERVICES; LOST PROFITS, LOST SALES, OR BUSINESS EXPENDITURES, INVESTMENTS, OR COMMITMENTS IN CONNECTION WITH ANY BUSINESS; LOSS OF ANY GOODWILL; OR FOR ANY INDIRECT, SPECIAL, INCIDENTAL, EXEMPLARY, OR CONSEQUENTIAL DAMAGES ARISING OUT OF THIS AGREEMENT OR USE OF THE DATA AND RELATED MATERIALS, HOWEVER CAUSED, ON ANY THEORY OF LIABILITY, AND WHETHER OR NOT ESRI OR ITS LICENSOR(S) HAVE BEEN ADVISED OF THE POSSIBILITY OF SUCH DAMAGE. THESE LIMITATIONS SHALL APPLY NOTWITHSTANDING ANY FAILURE OF ESSENTIAL PURPOSE OF ANY EXCLUSIVE REMEDY.
	In the event that the data vendor(s) has (have) granted the end user permission to redistribute the Geodata, please use proper proprietary or copyright attribution for the various data vendor(s), and provide the associated metadata file(s) with the Geodata.</useLimit></Consts></resConst><idCitation><resTitle>EmptyPoints</resTitle><presForm><PresFormCd value="005" Sync="TRUE"/></presForm></idCitation><idAbs>&lt;DIV STYLE="text-align:Left;"&gt;&lt;DIV&gt;&lt;P&gt;&lt;SPAN&gt;Symbology for user input points.&lt;/SPAN&gt;&lt;/P&gt;&lt;/DIV&gt;&lt;/DIV&gt;</idAbs><idPurp>This data should not be used for any purpose other than that for which it was intended.</idPurp><idCredit>Naperville, IL.</idCredit><resConst><Consts><useLimit>&lt;DIV STYLE="text-align:Left;"&gt;&lt;DIV&gt;&lt;P&gt;&lt;SPAN&gt;None.&lt;/SPAN&gt;&lt;/P&gt;&lt;/DIV&gt;&lt;/DIV&gt;</useLimit></Consts></resConst><searchKeys><keyword>Esri Training Services</keyword><keyword>ARC4</keyword></searchKeys><envirDesc Sync="TRUE">Microsoft Windows 7 Version 6.1 (Build 7601) Service Pack 1; Esri ArcGIS 10.2.0.3348</envirDesc><dataLang><languageCode value="eng" Sync="TRUE"/><countryCode value="USA" Sync="TRUE"/></dataLang></dataIdInfo><mdHrLv><ScopeCd value="005"/></mdHrLv><mdLang><languageCode value="eng" Sync="TRUE"/><countryCode value="USA" Sync="TRUE"/></mdLang><distInfo><distFormat><formatName Sync="TRUE">Layer</formatName></distFormat></distInfo><mdHrLvName Sync="TRUE">dataset</mdHrLvName><mdDateSt Sync="TRUE">20130822</mdDateSt><mdContact xmlns:esri="http://www.esri.com/metadata/"><rpOrgName>Environmental Systems Research Institute, Inc. (Esri)</rpOrgName><rpCntInfo><cntAddress><delPoint>380 New York Street</delPoint><city>Redlands</city><adminArea>California</adminArea><postCode>92373-8100</postCode><country>USA</country><eMailAdd>info@esri.com</eMailAdd></cntAddress><cntPhone><voiceNum>909-793-2853</voiceNum><faxNum>909-793-5953</faxNum></cntPhone><cntOnlineRes><linkage>http://www.esri.com/about-esri/contact.html</linkage></cntOnlineRes><cntInstr>In the United States, please direct all inquiries regarding software/data pricing and consulting services to your local Esri Regional Office.  For support, you may contact Technical Support by telephone (voice) between 6:00 a.m. and 6:00 p.m. Pacific time, Monday through Friday, by dialing 909-793-3774; facsimile (fax) available at 909-792-0960; electronic mail (e-mail) support@esri.com; or visit http://support.esri.com; Esri holidays excluded. Outside the United States, please direct all inquiries regarding software/data pricing, sales, support, and consulting services to your local Esri International Distributor.  This information can be found at http://www.esri.com/about-esri/locations.html.</cntInstr><cntHours>8:00 a.m.-5:00 p.m. Pacific time, Monday-Friday</cntHours></rpCntInfo><role><RoleCd value="005"/></role></mdContact></metadata>